INCIDENT INFO,DESCRIPTION,START_DT,MODIFIED_DT,QUADRANT,Longitude,Latitude,location,Count
Southbound Deerfoot Trail at Calfrobe Bridge SE,2 vehicle incident.,12/14/2016 10:18:17 AM,12/14/2016 10:24:36 AM,SE,-114.019560526145,51.0086802225644,"(51.0086802225644, -114.019560526145)",1
Heritage Meadows Way at 11 Street SE,2 vehicle incident.,12/14/2016 10:21:37 AM,12/14/2016 10:24:36 AM,SE,-114.042393172684,50.9839672991501,"(50.9839672991501, -114.042393172684)",1
Eastbound Glenmore Trail approaching 14 Street SW,2 vehicle incident.,12/14/2016 11:52:45 AM,12/14/2016 11:55:17 AM,SW,-114.099311693033,50.9952104199385,"(50.9952104199385, -114.099311693033)",1
Northbound Macleod Trail at 145 Avenue SE,2 vehicle incident.,12/14/2016 12:21:31 PM,12/14/2016 12:24:53 PM,SE,-114.071685360171,50.923610257988,"(50.923610257988, -114.071685360171)",1
Northbound Macleod Trail approaching Lake Fraser Gate SE,2 vehicle incident.,12/14/2016 12:39:01 PM,12/14/2016 12:54:18 PM,SE,-114.068924440289,50.9378677611553,"(50.9378677611553, -114.068924440289)",1
Eastbound Glenmore Trail at Crowchild Trail SW,2 vehicle incident.,12/14/2016 01:51:55 PM,12/14/2016 01:53:16 PM,SW,-114.121071289426,51.0009971347515,"(51.0009971347515, -114.121071289426)",1
Southbound 52 Street at 16 Avenue NE,Multi vehicle incident.,12/14/2016 01:46:30 PM,12/14/2016 01:53:16 PM,NE,-113.963310837195,51.0671044015668,"(51.0671044015668, -113.963310837195)",1
Southbound Deerfoot Trail at Glenmore Trail SE,2 vehicle incident.,12/14/2016 02:17:06 PM,12/14/2016 02:17:58 PM,SE,-114.039173086151,50.9941565858237,"(50.9941565858237, -114.039173086151)",1
Bonaventure Drive at 94 Avenue SE,Single vehicle incident.,12/14/2016 09:30:47 AM,12/14/2016 09:41:42 AM,SE,-114.068768219264,50.9686342652326,"(50.9686342652326, -114.068768219264)",1
63 Street at 114 Avenue SE,2 vehicle incident.,12/14/2016 08:33:50 AM,12/14/2016 08:35:15 AM,SE,-113.943647607491,50.9506009513294,"(50.9506009513294, -113.943647607491)",1
Eastbound Anderson Road at Bonaventure Drive SE,2 vehicle incident.,12/14/2016 08:30:02 AM,12/14/2016 08:35:15 AM,SE,-114.062039329389,50.949783226261,"(50.949783226261, -114.062039329389)",1
52 Street at 114 Avenue SE,2 vehicle incident.,12/14/2016 08:07:38 AM,12/14/2016 08:25:10 AM,SE,-113.958670847449,50.950595366959,"(50.950595366959, -113.958670847449)",1
Eastbound Canyon Meadows Drive at Macleod Trail SE,2 vehicle incident.,12/14/2016 07:54:57 AM,12/14/2016 07:55:52 AM,SE,-114.069887062744,50.9315770426822,"(50.9315770426822, -114.069887062744)",1
Southbound Deerfoot Trail at Beddington Trail NE,2 vehicle incident.,12/14/2016 07:45:46 AM,12/14/2016 07:55:52 AM,NE,-114.046154501425,51.1221655702783,"(51.1221655702783, -114.046154501425)",1
Southbound Metis Trail at 128 Avenue NE,Multi vehicle incident.,12/14/2016 07:44:29 AM,12/14/2016 07:55:52 AM,NE,-113.97154991399,51.1654465164696,"(51.1654465164696, -113.97154991399)",1
Northbound Deerfoot Trail at McKnight Boulevard NE,2 vehicle incident.,12/14/2016 07:42:59 AM,12/14/2016 07:55:52 AM,NE,-114.043405712882,51.0997221207095,"(51.0997221207095, -114.043405712882)",1
Ogden Road at Blackfoot Trail SE,Single vehicle incident.,12/14/2016 12:12:18 AM,12/14/2016 12:14:44 AM,SE,-114.03310647668,51.0293297352223,"(51.0293297352223, -114.03310647668)",1
114 Avenue at 52 Street SE,2 vehicle incident.,12/14/2016 05:53:18 AM,12/14/2016 05:53:56 AM,SE,-113.958670847449,50.950595366959,"(50.950595366959, -113.958670847449)",1
4 Street at 40 Avenue NW,The northbound lane is closed due to water main break.,12/14/2016 01:15:11 AM,12/14/2016 03:53:29 AM,NW,-114.072205707212,51.08738350981,"(51.08738350981, -114.072205707212)",1
Northbound 4 Street at 40 Avenue NW,The road is closed due to water main break.,12/14/2016 01:15:11 AM,12/14/2016 01:16:42 AM,NW,-114.072205707212,51.08738350981,"(51.08738350981, -114.072205707212)",1
Westbound 32 Avenue at 60 Street NE,2 vehicle incident.,12/13/2016 07:03:51 PM,12/13/2016 07:05:15 PM,NE,-113.94675518697,51.0814650831046,"(51.0814650831046, -113.94675518697)",1
Nose Hill Drive at Scenic Acres Boulevard NW,2 vehicle incident.,12/13/2016 06:36:56 PM,12/13/2016 07:05:15 PM,NW,-114.204402009946,51.118431213753,"(51.118431213753, -114.204402009946)",1
Sarcee Trail at Richmond Road SW,2 vehicle incident.,12/12/2016 05:11:01 PM,12/12/2016 05:12:25 PM,SW,-114.166911023192,51.0180694396409,"(51.0180694396409, -114.166911023192)",1
50 Avenue at Ogden Road SE,There is a stalled vehicle blocking the left lane.,12/12/2016 03:14:07 PM,12/12/2016 03:15:59 PM,SE,-114.013017226389,51.0065007509199,"(51.0065007509199, -114.013017226389)",1
Westbound 64 Avenue on the ramp to Northbound Deerfoot Trail NE,2 vehicle incident.,12/13/2016 04:22:09 PM,12/13/2016 04:24:03 PM,NE,-114.045229703104,51.1117555898115,"(51.1117555898115, -114.045229703104)",1
Southbound Blackfoot Trail after Heritage Drive SE,2 vehicle incident.,12/12/2016 04:37:02 PM,12/12/2016 05:12:26 PM,SE,-114.050831501482,50.9806534273073,"(50.9806534273073, -114.050831501482)",1
Northbound 36 Street at 26 Avenue NE,2 vehicle incident blocking the left lane.,12/12/2016 02:37:54 PM,12/12/2016 02:40:26 PM,NE,-113.982237819703,51.0779102819653,"(51.0779102819653, -113.982237819703)",1
Eastbound Glenmore Trail at Deerfoot Trail SE,2 vehicle incident.,12/12/2016 02:15:01 PM,12/12/2016 02:16:52 PM,SE,-114.039173086151,50.9941565858237,"(50.9941565858237, -114.039173086151)",1
Horton Road at Southland Drive SW,2 vehicle incident.,12/12/2016 01:15:17 PM,12/12/2016 01:52:16 PM,SW,-114.074597834514,50.9650812233343,"(50.9650812233343, -114.074597834514)",1
Northbound 36 Street at 25 Avenue NE,2 vehicle incident.,12/12/2016 01:13:46 PM,12/12/2016 01:14:48 PM,NE,-113.981493527029,51.0759373805028,"(51.0759373805028, -113.981493527029)",1
Eastbound Anderson Road at Acadia Drive SE,2 vehicle incident.,12/12/2016 12:55:04 PM,12/12/2016 01:14:48 PM,SE,-114.044139639421,50.9483314057881,"(50.9483314057881, -114.044139639421)",1
Northbound Heritage Drive at Blackfoot Trail SE,2 vehicle incident.,12/12/2016 11:47:25 AM,12/12/2016 11:49:44 AM,SE,-114.050831501482,50.9806534273073,"(50.9806534273073, -114.050831501482)",1
Southbound 52 Street at 94 Avenue SE,2 vehicle incident.,12/12/2016 10:24:59 AM,12/12/2016 10:36:13 AM,SE,-113.959028294352,50.9686253867996,"(50.9686253867996, -113.959028294352)",1
Northbound Macleod Trail north of 194 Avenue SE,2 vehicle incident blocking two left lane.,12/12/2016 09:55:31 AM,12/12/2016 09:56:11 AM,SE,-114.045384590228,50.8783065114026,"(50.8783065114026, -114.045384590228)",1
Northbound 37 Street south of 130 Avenue SW,2 vehicle incident.,12/12/2016 08:45:26 AM,12/12/2016 08:49:00 AM,SW,-114.140236565258,50.9356697878171,"(50.9356697878171, -114.140236565258)",1
Memorial Drive at 52 Street NE,2 vehicle incident.,12/11/2016 05:20:00 PM,12/11/2016 05:20:59 PM,NE,-113.956439737746,51.0532849492493,"(51.0532849492493, -113.956439737746)",1
Southbound Crowchild Trail at 24 Avenue NW,Multi vehicle incident.,12/10/2016 06:50:59 PM,12/10/2016 07:14:35 PM,NW,-114.11944469953,51.0744303066199,"(51.0744303066199, -114.11944469953)",1
Southbound Deerfoot Trail at Peigan Trail SE,Single vehicle incident.,12/10/2016 07:01:58 AM,12/10/2016 07:02:57 AM,SE,-114.005256240543,51.0150012899922,"(51.0150012899922, -114.005256240543)",1
Eastbound Memorial Drive at 10 Street NW,There is a stalled vehicle.,12/09/2016 09:31:38 PM,12/09/2016 09:42:36 PM,NW,-114.085860347592,51.0519609880605,"(51.0519609880605, -114.085860347592)",1
Northbound 64 Street at 32 Avenue NE,2 vehicle incident.,12/09/2016 06:40:25 PM,12/09/2016 06:56:02 PM,NE,-113.94102300787,51.0815818946993,"(51.0815818946993, -113.94102300787)",1
Anderson Road at Acadia Drive SE.,Multi vehicle incident.,12/09/2016 05:55:04 PM,12/09/2016 05:55:52 PM,SE,-114.044139639421,50.9483314057881,"(50.9483314057881, -114.044139639421)",1
Westbound Memorial Drive at Deerfoot Trail SE,Multi-vehicle incident.,12/09/2016 06:55:00 AM,12/09/2016 06:56:00 AM,SE,-114.0194343,51.04885988,"(51.0488598764172, -114.019434255636)",1
Southbound Macleod Trail approaching Glenmore Trail SE,Multi vehicle incident,12/08/2016 10:05:00 PM,12/08/2016 10:20:00 PM,SE,-114.072037,50.99442763,"(50.9944276300291, -114.072037003149)",1
Eastbound Stoney Trail at Deerfoot Trail NE,2 vehicle incident.,12/08/2016 08:24:00 AM,12/08/2016 08:25:00 AM,NE,-114.0153985,51.17615173,"(51.1761517268222, -114.015398455209)",1
Bow Trail at Strathcona Boulevard SW,Multi vehicle incident.,12/08/2016 07:46:00 AM,12/08/2016 08:25:00 AM,SW,-114.1822412,51.05175004,"(51.0517500377716, -114.182241192164)",1
61 Avenue between 36 Street and 40 Street SE,The road is closed due to an incident involving a train.,12/08/2016 03:11:00 AM,12/08/2016 03:15:00 AM,SE,-113.9765235,50.99899605,"(50.9989960522307, -113.976523450585)",1
Northbound 14 Street at 9 Avenue SW,Single vehicle incident blocking the right lane.,12/07/2016 06:33:00 PM,12/07/2016 06:54:00 PM,SW,-114.0946461,51.04565582,"(51.0456558199932, -114.094646106372)",1
Southbound Deerfoot Trail at Glenmore Trail SE,Multi vehicle incident blocking the right lane.,12/07/2016 11:40:00 AM,12/07/2016 11:41:00 AM,NE,-114.0391731,50.99415659,"(50.9941565858237, -114.039173086151)",1
24 Street  at 162 Avenue SW,2 vehicle incident.,12/07/2016 08:48:00 AM,12/07/2016 08:50:00 AM,SW,-114.1171916,50.90637588,"(50.9063758843794, -114.117191633221)",1
Southbound Deerfoot Trail approaching 16 Avenue NE,Single vehicle incident.,12/07/2016 02:19:00 AM,12/07/2016 02:21:00 AM,NE,-114.0285513,51.06737987,"(51.0673798693422, -114.028551292521)",1
Northbound Deerfoot Trail approaching 16 Avenue NE,2 vehicle incident.,12/06/2016 10:48:00 PM,12/06/2016 10:49:00 PM,NE,-114.0285513,51.06737987,"(51.0673798693422, -114.028551292521)",1
Northbound Crowchild Trail after Kensington Road NW,2 vehicle incident blocking the left lane.,12/14/2016 02:42:52 PM,12/14/2016 02:46:24 PM,NW,-114.118501241,51.0524923336499,"(51.0524923336499, -114.118501241)",1
Westbound McKnight Boulevard at Metis Trail NE,Single vehicle incident.,12/12/2016 10:57:28 AM,12/12/2016 11:23:19 AM,NE,-113.989607026833,51.0955687653163,"(51.0955687653163, -113.989607026833)",1
Westbound Glenmore Trail at 37 Street SW,2 vehicle incident.,12/12/2016 11:17:07 AM,12/12/2016 11:23:19 AM,SW,-114.146020482404,51.0088568988086,"(51.0088568988086, -114.146020482404)",1
Eastbound Canyon Meadows Drive at Macleod Trail SE,Single vehicle incident.,12/12/2016 11:22:05 AM,12/12/2016 11:23:19 AM,SE,-114.069887062744,50.9315770426822,"(50.9315770426822, -114.069887062744)",1
Richardson Way at Richard Road SW,Single vehicle incident.,12/12/2016 11:29:10 AM,12/12/2016 11:49:44 AM,SW,-114.123126718555,51.0119167805503,"(51.0119167805503, -114.123126718555)",1
16 Avenue at 19 Street NE,There is an incident involving a pedestrian.,12/12/2016 12:03:03 PM,12/12/2016 12:17:16 PM,NE,-114.014024504463,51.0670372204216,"(51.0670372204216, -114.014024504463)",1
Northbound Elbow Drive at Glenmore Trail SW,2 vehicle incident blocking the left lane.,12/12/2016 12:31:36 PM,12/12/2016 12:43:47 PM,SW,-114.083916014515,50.9946277261426,"(50.9946277261426, -114.083916014515)",1
Northbound 14 Street at Country Hills Boulevard NW,2 vehicle incident blocking the right lane.,12/12/2016 08:46:42 AM,12/12/2016 08:49:00 AM,NW,-114.111893718729,51.1441000918388,"(51.1441000918388, -114.111893718729)",1
Eastbound Glenmoree Trail at 1 A Street SE,2 vehicle incident blocking the left lane.,12/12/2016 08:21:29 AM,12/12/2016 08:23:36 AM,SE,-114.063823873426,50.9938673956194,"(50.9938673956194, -114.063823873426)",1
Northbound Crowchild Trail south of Bow Trail SW,2 vehicle incident blocking the left lane.,12/12/2016 07:50:45 AM,12/12/2016 07:51:25 AM,SW,-114.115033311174,51.0423506150612,"(51.0423506150612, -114.115033311174)",1
Eastbound Anderson Road at Elbow Drive SW,Single vehicle incident.,12/11/2016 09:20:09 PM,12/11/2016 09:21:09 PM,SW,-114.085975451658,50.9505916222112,"(50.9505916222112, -114.085975451658)",1
17 Avenue at 52 Street SE,2 vehicle incident.,12/11/2016 05:06:15 PM,12/11/2016 05:20:59 PM,SE,-113.958502157194,51.0378554535525,"(51.0378554535525, -113.958502157194)",1
Old Banff Coach Road at 85 Street SW,2 vehicle incident.,12/11/2016 01:12:25 PM,12/11/2016 01:13:51 PM,SW,-114.211057468644,51.0667481961639,"(51.0667481961639, -114.211057468644)",1
Southbound Deerfoot Trail at 17 Avenue SE,Single vehicle incident blocking the right lane.,12/11/2016 12:29:46 PM,12/11/2016 12:37:10 PM,SE,-114.008611991531,51.0370350874538,"(51.0370350874538, -114.008611991531)",1
Eastbound Glenmore Trail approaching Blackfoot Trail SE,2 vehicle incident blocking the left lane.,12/11/2016 11:06:25 AM,12/11/2016 11:08:17 AM,SE,-114.056911752152,50.9939810922884,"(50.9939810922884, -114.056911752152)",1
Eastbound Glenmore Trail approaching Blackfoot Trail SE,Single vehicle incident,12/11/2016 02:57:21 AM,12/11/2016 02:58:40 AM,SE,-114.056911752152,50.9939810922884,"(50.9939810922884, -114.056911752152)",1
Southbound Crowchild Trail at Bow Trail SW,Multi vehicle incident,12/10/2016 11:51:42 PM,12/10/2016 11:52:56 PM,SW,-114.115033311174,51.0423506150612,"(51.0423506150612, -114.115033311174)",1
Eastbound 16 Avenue at 2 Street NW,2 vehicle incident.,12/10/2016 07:39:59 PM,12/10/2016 07:55:34 PM,NW,-114.067449602607,51.0670006234133,"(51.0670006234133, -114.067449602607)",1
Northbound Crowchild Trail at 17 Avenue SW,2 vehicle incident.,12/10/2016 07:03:10 PM,12/10/2016 07:14:35 PM,SW,-114.112959987034,51.0382141189432,"(51.0382141189432, -114.112959987034)",1
Eastbound Memorial Drive at 5 Avenue SE,Single vehicle incident.,12/10/2016 06:35:41 PM,12/10/2016 06:52:13 PM,SE,-114.050335537362,51.0506017623507,"(51.0506017623507, -114.050335537362)",1
Northbound Deerfoot Trail at Glenmore Trail SE,Single vehicle incident.,12/10/2016 05:32:03 PM,12/10/2016 05:51:46 PM,SE,-114.039173086151,50.9941565858237,"(50.9941565858237, -114.039173086151)",1
Crowchild Trail at Glenmore Trail SW,Single vehicle incident.,12/10/2016 04:49:46 PM,12/10/2016 04:50:56 PM,SW,-114.121071289426,51.0009971347515,"(51.0009971347515, -114.121071289426)",1
Westbound Crowchild Trail at Shaganappi Trail NW,Single vehicle incident.,12/10/2016 04:35:41 PM,12/10/2016 04:50:56 PM,NW,-114.152734549261,51.1001944351718,"(51.1001944351718, -114.152734549261)",1
Stoney Trail at 16 Avenue SE,Single vehicle incident.,12/10/2016 03:18:10 PM,12/10/2016 03:21:23 PM,SE,-113.929731671065,51.0670302472081,"(51.0670302472081, -113.929731671065)",1
85 Street at 17 Avenue SW,Single vehicle incident.,12/10/2016 02:54:18 PM,12/10/2016 02:55:15 PM,SW,-114.211374470743,51.0380122084253,"(51.0380122084253, -114.211374470743)",1
Northbound Crowchild Trail at 33 Avenue SW,2 vehicle incident.,12/12/2016 12:10:02 PM,12/12/2016 12:17:16 PM,SW,-114.119485937702,51.0242099467767,"(51.0242099467767, -114.119485937702)",1
Eastbound John Laurie Boulevard at Sarcee Trail NW,2 vehicle incident.,12/12/2016 09:44:09 AM,12/12/2016 09:46:07 AM,NW,-114.167809008179,51.1216653922641,"(51.1216653922641, -114.167809008179)",1
Eastbound Richmond Road at 50 Street SW,2 vehicle incident.,12/12/2016 07:41:19 AM,12/12/2016 07:51:25 AM,SW,-114.159884928072,51.0179275166628,"(51.0179275166628, -114.159884928072)",1
Walden Gate at 194 Avenue SE,2 vehicle incident.,12/11/2016 06:57:29 PM,12/11/2016 06:58:18 PM,SE,-114.036685445596,50.8769579240784,"(50.8769579240784, -114.036685445596)",1
Westboumd 16 Avenue at Deerfoot Trail NE,2 vehicle incident.,12/11/2016 09:19:09 AM,12/11/2016 09:21:30 AM,NE,-114.028551292521,51.0673798693422,"(51.0673798693422, -114.028551292521)",1
Northbound Stoney Trail at 16 Avenue NE,Single vehicle incident,12/10/2016 10:26:08 PM,12/10/2016 10:27:31 PM,NE,-113.920052543414,51.067898636232,"(51.067898636232, -113.920052543414)",1
Northbound Deerfoot Trail at Southland Drive SE,2 vehicle incident.,12/10/2016 08:47:41 PM,12/10/2016 08:48:53 PM,SE,-114.036221957724,50.9705894403798,"(50.9705894403798, -114.036221957724)",1
Eastbound Glenmore Trail at Deerfoot Trail SE,Single vehicle incident.,12/10/2016 07:54:20 PM,12/10/2016 07:55:33 PM,SE,-114.039173086151,50.9941565858237,"(50.9941565858237, -114.039173086151)",1
Eastbound Glenmore Trail at Deerfoot Trail SE,Single vehicle incident.,12/10/2016 06:31:02 PM,12/10/2016 06:52:13 PM,SE,-114.039173086151,50.9941565858237,"(50.9941565858237, -114.039173086151)",1
Eastbound Glenmore Trail at Elbow Drive SW,Single vehicle incident.,12/10/2016 06:14:09 PM,12/10/2016 06:20:34 PM,SW,-114.083916014515,50.9946277261426,"(50.9946277261426, -114.083916014515)",1
16 Avenue at Banff Trail NW,2 vehicle incident.,12/10/2016 06:01:33 PM,12/10/2016 06:20:34 PM,NW,-114.112762314553,51.0673844365976,"(51.0673844365976, -114.112762314553)",1
Eastbound Glenmore Trail at 14 Street SW,2 vehicle incident.,12/10/2016 05:28:28 PM,12/10/2016 06:20:34 PM,SW,-114.101595818037,50.9963892678367,"(50.9963892678367, -114.101595818037)",1
James McKevitt Road at Bridlewood Road SW,Single vehicle incident.,12/10/2016 05:25:21 PM,12/10/2016 05:51:46 PM,SW,-114.098665167824,50.902813390498,"(50.902813390498, -114.098665167824)",1
Crowchild Trail at 53 Street NW,2 vehicle incident.,12/10/2016 04:47:20 PM,12/10/2016 04:50:56 PM,NW,-114.165924105603,51.1045323086927,"(51.1045323086927, -114.165924105603)",1
Eastbound Glenmore Trail at Centre Street SE,Single vehicle incident.,12/10/2016 02:25:20 PM,12/10/2016 02:55:15 PM,SE,-114.063805322754,50.9941556191458,"(50.9941556191458, -114.063805322754)",1
Southbound Deerfoot Trail approaching 17 Avenue SE,Single vehicle incident.,12/10/2016 02:07:51 PM,12/10/2016 02:14:07 PM,NW,-114.008611991531,51.0370350874538,"(51.0370350874538, -114.008611991531)",1
25 Avenue at 2 Street SW,2 vehicle incident.,12/10/2016 11:08:24 AM,12/10/2016 11:09:29 AM,NW,-114.069033666228,51.0305067961009,"(51.0305067961009, -114.069033666228)",1
Westbound Glenmore Trail at Deerfoot Trail SE,Single vehicle incident in the left lane.,12/10/2016 09:32:57 AM,12/10/2016 09:37:48 AM,SE,-114.039173086151,50.9941565858237,"(50.9941565858237, -114.039173086151)",1
Beddington Trail at Deerfoot Trail NE,Single vehicle incident on the offramp to southbound Deerfoot Trail.,12/10/2016 06:59:30 AM,12/10/2016 07:02:57 AM,NE,-114.046154501425,51.1221655702783,"(51.1221655702783, -114.046154501425)",1
Northbound 14 Street north of Heritage Drive SW,Single vehicle incident,12/09/2016 10:40:57 PM,12/09/2016 10:42:13 PM,SW,-114.094693702317,50.9809080290935,"(50.9809080290935, -114.094693702317)",1
Eastbound Anderson Road approaching 14 Street SW,2 vehicle incident.,12/09/2016 06:20:14 PM,12/09/2016 06:21:31 PM,SW,-114.097344384191,50.9505907010468,"(50.9505907010468, -114.097344384191)",1
Southbound Nose Hill Drive approaching Crowchild Trail NW,Multi vehicle incident.,12/09/2016 05:38:05 PM,12/09/2016 05:55:52 PM,NW,-114.203240843777,51.1196837849704,"(51.1196837849704, -114.203240843777)",1
Northbound Stoney Trail to westbound 16 Avenue NE,Single vehicle incident.,12/09/2016 11:16:00 AM,12/09/2016 11:20:00 AM,NE,-113.9297317,51.06703025,"(51.0670302472081, -113.929731671065)",1
Eastbound Blackfoot Trail at 19 Street SE,2 vehicle incident blocking the right lane. No through traffic on 19 Street SE.,12/09/2016 10:35:00 AM,12/09/2016 10:46:00 AM,SE,-114.0179151,51.0374169,"(51.0374169048994, -114.017915085819)",1
Eastbound Glenmore Trail at 14 Street SW,Single vehicle incident.,12/10/2016 06:44:16 PM,12/10/2016 06:52:13 PM,SW,-114.101595818037,50.9963892678367,"(50.9963892678367, -114.101595818037)",1
Deerfoot Trail at 130 Avenue SE,Single vehicle incident.,12/10/2016 06:18:06 PM,12/10/2016 06:20:34 PM,SE,-113.978889575018,50.9319825227522,"(50.9319825227522, -113.978889575018)",1
McIvor Boulevard and Copperstone Gate SE,Incident involving a pedestrian.,12/08/2016 08:48:00 PM,12/08/2016 08:49:00 PM,SE,-113.9377586,50.91436701,"(50.9143670147679, -113.93775862069)",1
Ogden Road at Bonnybrook Road SE,Single vehicle incident.,12/08/2016 06:33:00 AM,12/08/2016 06:52:00 AM,SE,-114.0308717,51.02839263,"(51.0283926253026, -114.030871669457)",1
130 Avenue and Deerfoot Trail SE,2 vehicle incident on the ramp from eastbound 130 Avenue to southbound Deerfoot Trail SE,12/06/2016 05:31:00 PM,12/06/2016 05:49:00 PM,NW,-113.9774183,50.93172001,"(50.9317200119074, -113.977418294457)",1
Southbound University Drive at Crowchild Trail NW,2 vehicle incident.,12/06/2016 05:05:00 PM,12/06/2016 05:10:00 PM,NW,-114.1195835,51.06639113,"(51.0663911277846, -114.119583516534)",1
Deerfoot Trail at Seton Boulevard SE,Multi vehicle incident.,12/10/2016 06:39:17 PM,12/10/2016 06:52:13 PM,SE,-113.973760661509,50.8942465823053,"(50.8942465823053, -113.973760661509)",1
14 Street at 90 Avenue SW,Single vehicle incident.,12/10/2016 03:53:42 PM,12/10/2016 03:54:35 PM,SW,-114.096307356316,50.9723019037843,"(50.9723019037843, -114.096307356316)",1
Westbound Crowchild Trail at Sarcee Trail NW,Single vehicle incident blocking the right lane.,12/10/2016 12:54:35 PM,12/10/2016 01:23:39 PM,NW,-114.180187767589,51.1120374189027,"(51.1120374189027, -114.180187767589)",1
Northbound Shaganappi Trail at Crowchild Trail NW,Single vehicle incident in the left lane.,12/10/2016 10:05:29 AM,12/10/2016 10:15:37 AM,NW,-114.152734549261,51.1001944351718,"(51.1001944351718, -114.152734549261)",1
Westbound 17 Avenue at Deerfoot Trail SE,Single vehicle incident.,12/10/2016 09:00:58 AM,12/10/2016 09:21:43 AM,SE,-114.008611991531,51.0370350874538,"(51.0370350874538, -114.008611991531)",1
Northbound Deerfoot Trail at Peigan Trail SE,Single vehicle incident.,12/10/2016 08:06:38 AM,12/10/2016 08:11:17 AM,SE,-114.005256240543,51.0150012899922,"(51.0150012899922, -114.005256240543)",1
68 Street at 43 Avenue NE,2 vehicle incident.,12/09/2016 08:34:11 PM,12/09/2016 08:34:57 PM,NE,-113.935579502796,51.0916799943352,"(51.0916799943352, -113.935579502796)",1
Southbound Macleod Trail at 94 Avenue SE,2 vehicle incident.,12/09/2016 05:49:59 PM,12/09/2016 05:55:52 PM,SE,-114.071706940396,50.9686322285233,"(50.9686322285233, -114.071706940396)",1
Westbound Stoney approaching Shaganappi Trail NW.,Multi vehicle incident.,12/09/2016 05:16:00 PM,12/09/2016 05:16:00 PM,NE,-114.1479334,51.15273645,"(51.1527364456253, -114.147933369876)",1
Westbound McKnight Boulevard approaching John Laurie Boulevard NW,2 vehicle incident.,12/09/2016 04:46:32 PM,12/09/2016 05:16:54 PM,NW,-114.083317961464,51.0973162573297,"(51.0973162573297, -114.083317961464)",1
Westbound McKnight Boulevard approaching John Laurie Boulevard NW,2 vehicle incident.,12/09/2016 04:46:00 PM,12/09/2016 05:16:00 PM,NW,-114.083318,51.09731626,"(51.0973162573297, -114.083317961464)",1
20 Avenue at 8 Street NW,2 vehicle incident.,12/09/2016 04:58:00 PM,12/09/2016 05:16:00 PM,NW,-114.0813777,51.07053855,"(51.0705385526371, -114.081377719156)",1
Southbound Macleod Trail approaching Glenmore Trail SE,2 vehicle incident.,12/09/2016 01:57:00 PM,12/09/2016 02:11:00 PM,SE,-114.0716686,50.99524413,"(50.9952441314982, -114.071668597675)",1
Westbound 17 Avenue at Blackfoot Trail SE,2 vehicle incident.,12/09/2016 12:47:00 PM,12/09/2016 12:50:00 PM,NW,-114.0179075,51.03765558,"(51.0376555837756, -114.017907478292)",1
Eastbound Glenmore Trail at 14 Street SW,Multi-vehicle incident blocking the left lane.,12/09/2016 11:40:00 AM,12/09/2016 11:47:00 AM,SW,-114.1015958,50.99638927,"(50.9963892678367, -114.101595818037)",1
Westbound Stoney Trail west of Deerfoot Trail NE,2 vehicle incident.,12/09/2016 09:27:00 AM,12/09/2016 09:54:00 AM,NE,-114.0153985,51.17615173,"(51.1761517268222, -114.015398455209)",1
Eastbound Glenmore Trail at Deerfoot Trail SE,2 vehicle incident in the right lane.,12/09/2016 09:18:00 AM,12/09/2016 09:20:00 AM,SE,-114.0391731,50.99415659,"(50.9941565858237, -114.039173086151)",1
Northbound Deerfoot Trail at Airport Trail NE,Multi vehicle incident,12/08/2016 09:54:00 PM,12/08/2016 09:55:00 PM,NE,-114.0383787,51.14158636,"(51.1415863632458, -114.03837871099)",1
Eastbound Anderson Road at Acadia Drve SE,Single vehicle incident.,12/08/2016 04:53:00 PM,12/08/2016 05:22:00 PM,SE,-114.0441396,50.94833141,"(50.9483314057881, -114.044139639421)",1
Northbound Edmonton Trail at 16 Avenue NE,2 vehicle incident.,12/08/2016 03:42:00 PM,12/08/2016 03:47:00 PM,NW,-114.0561676,51.06684262,"(51.0668426165042, -114.05616755207)",1
Eastbound Stoney Trail east of Deerfoot Trail NE,Single vehicle incident.,12/08/2016 10:05:00 AM,12/08/2016 10:08:00 AM,NE,-114.0153985,51.17615173,"(51.1761517268222, -114.015398455209)",1
Northbound Deerfoot Trail at 64 Avenue NE,2 vehicle incident.,12/07/2016 06:31:00 PM,12/07/2016 06:54:00 PM,NE,-114.0468751,51.11086623,"(51.1108662269181, -114.046875145401)",1
114 Avenue and 52 Street SE,2 vehicle incident in the intersection.,12/07/2016 05:26:00 PM,12/07/2016 05:52:00 PM,SE,-113.9581992,50.95048786,"(50.9504878599381, -113.958199159629)",1
Northbound Crowchild Trail approaching Memorial Drive SW,Multi-vehicle incident blocking the 2 right lanes.,12/07/2016 03:44:00 PM,12/07/2016 04:48:00 PM,SW,-114.1141814,51.04588316,"(51.0458831587775, -114.114181409786)",1
Seton Way at Auburn Bay Gate SE,Multi vehicle incident.,12/10/2016 02:13:15 PM,12/10/2016 02:14:07 PM,SE,-113.957493331541,50.8825054696699,"(50.8825054696699, -113.957493331541)",1
Bow Trail at 10 Avenue SW,2 vehicle incident.,12/10/2016 01:49:13 PM,12/10/2016 01:50:36 PM,SW,-114.113896057596,51.0453057567952,"(51.0453057567952, -114.113896057596)",1
Acadia Drive at Anderson Road SE,2 vehicle incident.,12/10/2016 02:10:34 PM,12/10/2016 02:14:07 PM,SE,-114.044139639421,50.9483314057881,"(50.9483314057881, -114.044139639421)",1
Anderson Road at Elbow Drive SW,2 vehicle incident.,12/09/2016 07:33:25 PM,12/09/2016 07:34:46 PM,SW,-114.085975451658,50.9505916222112,"(50.9505916222112, -114.085975451658)",1
Centre Street at 7 Street NE,Single vehicle incident.,12/09/2016 06:08:09 PM,12/09/2016 06:21:31 PM,NE,-114.06253407232,51.0588775610272,"(51.0588775610272, -114.06253407232)",1
Westbound Stoney approaching Shaganappi Trail NW.,Multi vehicle incident.,12/09/2016 05:16:08 PM,12/09/2016 05:16:53 PM,NE,-114.147933369876,51.1527364456253,"(51.1527364456253, -114.147933369876)",1
Sunridge Way at 36 Street NE,There is an incident involving LRT.,12/09/2016 05:14:00 PM,12/09/2016 05:16:00 PM,NE,-113.9849337,51.06729869,"(51.0672986910231, -113.98493374196)",1
36 Street at Whitefield Drive NE,Multi vehicle incident.,12/09/2016 05:01:42 PM,12/09/2016 05:16:54 PM,NE,-113.981529380718,51.088392671123,"(51.088392671123, -113.981529380718)",1
20 Avenue at 8 Street NW,2 vehicle incident.,12/09/2016 04:58:23 PM,12/09/2016 05:16:54 PM,NW,-114.081377719156,51.0705385526371,"(51.0705385526371, -114.081377719156)",1
Westbound 76th Avenue at 52nd Street SE,2 vehicle incident.,12/09/2016 06:35:00 AM,12/09/2016 06:56:00 AM,SE,-113.9589577,50.98510257,"(50.9851025673494, -113.958957677264)",1
Northbound Panorama Hills Boulevard at Country Hills Boulevard NW,Multi vehicle incident,12/08/2016 10:46:00 PM,12/08/2016 10:51:00 PM,NW,-114.0741227,51.14844324,"(51.1484432352485, -114.074122673022)",1
Stoney Trail exit to northbound Deerfoot Trail NE,Single vehicle incident,12/08/2016 10:09:00 PM,12/08/2016 10:20:00 PM,NE,-114.0009188,51.18231074,"(51.1823107410225, -114.00091882698)",1
Northbound Deerfoot Trail at McKnight Boulevard NE,2 vehicle incident.,12/07/2016 07:36:00 PM,12/07/2016 07:51:00 PM,NE,-114.0417848,51.09765204,"(51.097652035189, -114.04178477411)",1
Northbound Sarcee Trail at Glenmore Trail SW,Single vehicle incident.,12/10/2016 01:27:08 PM,12/10/2016 02:14:07 PM,SW,-114.162862577552,51.0099220435946,"(51.0099220435946, -114.162862577552)",1
Westbound Crowchild Trail at 12 Mile Coulee Road NW,2 vehicle incident.,12/10/2016 11:53:46 AM,12/10/2016 11:55:29 AM,NW,-114.257374268447,51.1428695480381,"(51.1428695480381, -114.257374268447)",1
Northbound Stoney Trail at 16 Avenue NE,Single vehicle incident in the left lane.,12/10/2016 09:18:46 AM,12/10/2016 09:21:43 AM,NE,-113.929731671065,51.0670302472081,"(51.0670302472081, -113.929731671065)",1
Centre Street at Beddington Boulevard NE,2 vehicle incident.,12/09/2016 01:30:00 PM,12/09/2016 01:32:00 PM,NE,-114.0713497,51.12513261,"(51.1251326097573, -114.071349710093)",1
Northbound Deerfoot Trail at 130 Avenue SE,2 vehicle incident blocking the right lane.,12/16/2016 07:27:10 AM,12/16/2016 07:47:31 AM,SE,-113.978889575018,50.9319825227522,"(50.9319825227522, -113.978889575018)",1
Westbound Crowchild Trail at Sarcee Trail NW,2 vehicle incident.,12/10/2016 01:21:42 PM,12/10/2016 01:23:39 PM,NW,-114.180187767589,51.1120374189027,"(51.1120374189027, -114.180187767589)",1
130 Avenue at 48 Street SE,2 vehicle incident.,12/09/2016 06:36:21 PM,12/09/2016 06:56:02 PM,SE,-113.965739722774,50.9320908801432,"(50.9320908801432, -113.965739722774)",1
Barlow Trail at 114 Avenue SE,2 vehicle incident.,12/09/2016 06:04:08 PM,12/09/2016 06:21:31 PM,NE,-113.982110792952,50.950529480111,"(50.950529480111, -113.982110792952)",1
Sunridge Way at 36 Street NE,There is an incident involving LRT.,12/09/2016 05:14:08 PM,12/09/2016 05:16:54 PM,NE,-113.98493374196,51.0672986910231,"(51.0672986910231, -113.98493374196)",1
36 Street at Whitefield Drive NE,Multi vehicle incident.,12/09/2016 05:01:00 PM,12/09/2016 05:02:00 PM,NE,-113.9815294,51.08839267,"(51.088392671123, -113.981529380718)",1
194 Avenue at Chaparral Boulevard SE,2 vehicle incident.,12/09/2016 03:30:00 PM,12/09/2016 03:31:00 PM,SE,-114.0251192,50.87779598,"(50.8777959764633, -114.025119191404)",1
Northbound 30 Street North of Glenmore Trail SE,Multi-vehicle incident.,12/09/2016 06:57:00 AM,12/09/2016 07:20:00 AM,NW,-113.9914459,50.97958018,"(50.9795801788776, -113.991445920131)",1
Northbound Deerfoot Trail at Beddington Trail NE,Single vehicle incident.,12/08/2016 08:58:00 AM,12/08/2016 09:12:00 AM,NE,-114.0461545,51.12216557,"(51.1221655702783, -114.046154501425)",1
Eastbound Country Hills Boulevard at Stoney Trail NW,2 vehicle incident.,12/08/2016 07:20:00 AM,12/08/2016 09:12:00 AM,NW,-114.2095352,51.14702095,"(51.1470209540732, -114.209535231494)",1
12 Avenue and 11 Street SW,2 vehicle incident in the intersection.,12/07/2016 07:46:00 PM,12/07/2016 07:51:00 PM,SW,-114.0889172,51.04214785,"(51.0421478488218, -114.088917198818)",1
Nortbound Deerfoot Trail south of Peigan Trail SE,Single vehicle incident.,12/08/2016 06:04:00 AM,12/08/2016 06:06:00 AM,SE,-114.0052562,51.01500129,"(51.0150012899922, -114.005256240543)",1
57 Avenue and 5 Street SW,Incident involving a pedestrian.,12/07/2016 06:56:00 PM,12/07/2016 07:07:00 PM,NW,-114.0764393,51.00246343,"(51.0024634276666, -114.07643929555)",1
Northbound Centre Street at 10 Avenue NE,2 vehicle incident.,12/07/2016 06:35:00 PM,12/07/2016 06:54:00 PM,NE,-114.0625291,51.06155731,"(51.0615573063912, -114.062529122864)",1
Northbound Deerfoot Trail past Douglasdale Boulevard SE,2 vehicle incident.,12/07/2016 05:51:00 PM,12/07/2016 05:52:00 PM,SE,-114.0191365,50.95223817,"(50.9522381682447, -114.019136470436)",1
Southbound 52 Street past Mcknight Boulevard NE,2 vehicle incident.,12/07/2016 05:37:00 PM,12/07/2016 05:52:00 PM,NE,-113.958387,51.09385451,"(51.0938545067298, -113.958386959242)",1
14 Street and 25 Avenue SW,Incident involving a pedestrian.,12/07/2016 02:08:00 PM,12/07/2016 02:09:00 PM,SW,-114.0946843,51.03144525,"(51.0314452493899, -114.094684308091)",1
Westbound Memorial Drive and 39 Street SE,2 vehicle incident in the intersection.,12/06/2016 07:36:00 PM,12/06/2016 07:38:00 PM,NE,-113.9769169,51.05277711,"(51.052777114181, -113.976916888172)",1
Ogden Road at Bonnybrook Road SE,2 vehicle incident.,12/06/2016 04:26:00 PM,12/06/2016 04:38:00 PM,SE,-114.0308717,51.02839263,"(51.0283926253026, -114.030871669457)",1
Eastbound Memorial Drive approaching Deerfoot Trail NE,2 vehicle incident blocking the middle lane.,12/06/2016 02:36:00 PM,12/06/2016 02:42:00 PM,NE,-114.0205479,51.0476343,"(51.047634296167, -114.020547852567)",1
Southbound Deerfoot Trail at Douglasdale Boulevard SE,2 vehicle incident.,12/16/2016 05:43:35 PM,12/16/2016 05:53:31 PM,SE,-114.005303753851,50.9467413147404,"(50.9467413147404, -114.005303753851)",1
Southbound Deerfoot Trail approaching 16 Avenue NE,2 vehicle incident.,12/16/2016 05:37:43 PM,12/16/2016 05:53:31 PM,NE,-114.028551292521,51.0673798693422,"(51.0673798693422, -114.028551292521)",1
Ogden Road at 50 Avenue SE,2 vehicle incident.,12/16/2016 05:52:54 PM,12/16/2016 05:53:31 PM,SE,-114.013017226389,51.0065007509199,"(51.0065007509199, -114.013017226389)",1
Southbound Sarcee Trail south of Stoney Trail NW,2 vehicle incident.,12/09/2016 02:09:00 PM,12/09/2016 02:11:00 PM,NW,-114.1703496,51.15180546,"(51.1518054632903, -114.170349642145)",1
Southbound Deerfoot Trail approaching Glenmore Trail SE,Single vehicle incident,12/08/2016 10:55:00 PM,12/08/2016 11:21:00 PM,SE,-114.0287925,51.00497668,"(51.0049766756801, -114.028792524281)",1
Northbound 14 Street to Westbound Glenmore Trail SW,2 vehicle incident blocking the left lane of the ramp.,12/08/2016 07:14:00 PM,12/08/2016 07:16:00 PM,SW,-114.1015958,50.99638927,"(50.9963892678367, -114.101595818037)",1
17 Avenue at 11 Street SW,There is an incident involving a pedestrian.,12/08/2016 09:11:00 AM,12/08/2016 09:12:00 AM,SW,-114.0900453,51.0378177,"(51.0378177048435, -114.090045314076)",1
3 Avenue and Centre Street SE,2 vehicle incident.,12/07/2016 06:53:00 PM,12/07/2016 06:54:00 PM,SE,-114.0626847,51.05028259,"(51.0502825898921, -114.062684660062)",1
Northbound 6 Street at Shawville Gate SW,2 vehicle incident.,12/09/2016 09:07:00 AM,12/09/2016 09:20:00 AM,SW,-114.0724034,50.8977142,"(50.8977141971467, -114.072403432592)",1
Southbound Crowchild Trail at 40 Avenue NW,2 vehicle incident in the left lane.,12/09/2016 08:46:00 AM,12/09/2016 08:53:00 AM,NW,-114.1357132,51.08824039,"(51.0882403913025, -114.135713240739)",1
Northbound Deerfoot Trail at Peigan Trail SE,Single vehicle incident.,12/09/2016 06:15:00 AM,12/09/2016 06:17:00 AM,SE,-114.0052562,51.01500129,"(51.0150012899922, -114.005256240543)",1
Westbound Glenmore Trail at Elbow Drive SW,2 vehicle incident in the middle lane.,12/08/2016 04:38:00 PM,12/08/2016 04:49:00 PM,SW,-114.083916,50.99462773,"(50.9946277261426, -114.083916014515)",1
Westbound 16 Avenue at Deerfoot Trail NE,2 vehicle incident.,12/09/2016 08:14:00 AM,12/09/2016 08:15:00 AM,NE,-114.0285513,51.06737987,"(51.0673798693422, -114.028551292521)",1
Eastbound Crowchild Trail at 53 Street NW,2 vehicle incident.,12/09/2016 07:17:00 AM,12/09/2016 07:20:00 AM,NW,-114.1659241,51.10453231,"(51.1045323086927, -114.165924105603)",1
Westbound Crowchild Trail at 40 Avenue NW,Single vehicle incident,12/09/2016 12:45:00 AM,12/09/2016 12:46:00 AM,NW,-114.1354006,51.08920705,"(51.0892070534337, -114.135400607532)",1
Stoney Trail at Centre Street NE,Single vehicle incident,12/08/2016 10:50:00 PM,12/08/2016 10:51:00 PM,NE,-114.0745,51.17372441,"(51.1737244102959, -114.074499972078)",1
Northbound 14 Street at Anderson Road SW,Single vehicle incident,12/08/2016 10:15:00 PM,12/08/2016 10:20:00 PM,SW,-114.0946146,50.95081176,"(50.9508117579983, -114.094614603654)",1
12 Avenue at 2 Street SW,Multi-vehicle incident.,12/08/2016 03:07:00 PM,12/08/2016 03:08:00 PM,SW,-114.0682628,51.04156779,"(51.0415677851274, -114.068262827355)",1
Northbound Stoney Trail at 16 Avenue NE,Single vehicle incident.,12/08/2016 06:41:00 AM,12/08/2016 06:52:00 AM,NE,-113.9297317,51.06703025,"(51.0670302472081, -113.929731671065)",1
80 Avenue and Metis Trail NE,2 vehicle incident in the intersection.,12/07/2016 09:15:00 PM,12/07/2016 09:18:00 PM,NE,-113.9694753,51.12489634,"(51.1248963444476, -113.969475320853)",1
Southbound Macleod Trail at the exit from Anderson Road SW,2 vehicle incident.,12/07/2016 06:36:00 PM,12/07/2016 06:54:00 PM,SW,-114.0708163,50.9467686,"(50.9467686010511, -114.070816330086)",1
Northbound Sarcee Trail at Stoney Trail NW,2 vehicle incident.,12/07/2016 01:26:00 PM,12/07/2016 01:27:00 PM,NW,-114.1703496,51.15180546,"(51.1518054632903, -114.170349642145)",1
Macleod Trail at 9 Avenue SE,2 vehicle incident.,12/06/2016 04:25:00 PM,12/06/2016 04:26:00 PM,SE,-114.0581785,51.04447099,"(51.0444709916587, -114.058178469072)",1
Scenic Acres Boulevard at Nose Hill Drive NW,2 vehicle incident.,12/15/2016 08:24:10 AM,12/15/2016 08:46:43 AM,NW,-114.205381440139,51.1176309487517,"(51.1176309487517, -114.205381440139)",1
Eastbound 16 Avenue at 52 Street NE,Multi-vehicle incident.,12/08/2016 05:31:00 PM,12/08/2016 05:32:00 PM,NE,-113.9633108,51.0671044,"(51.0671044015668, -113.963310837195)",1
Sherwood Drive at Sherwood Boulevard NW,2 vehicle incident.,12/08/2016 04:48:00 PM,12/08/2016 04:49:00 PM,NW,-114.1604682,51.16538136,"(51.1653813627806, -114.160468242045)",1
Southbound Shaganappi Trail at Sage Hill Boulevard NW,2 vehicle incident.,12/08/2016 03:46:00 PM,12/08/2016 03:47:00 PM,NW,-114.1531181,51.17046267,"(51.1704626681427, -114.153118119933)",1
6 Avenue at 4 Street SW,2 vehicle incident.,12/14/2016 09:19:19 PM,12/14/2016 09:20:22 PM,SW,-114.071479100863,51.0476886807587,"(51.0476886807587, -114.071479100863)",1
Northbound Deerfoot Trail at Airport Trail  NE,2 vehicle incident.,12/08/2016 09:00:00 AM,12/08/2016 09:12:00 AM,NE,-114.0383787,51.14158636,"(51.1415863632458, -114.03837871099)",1
32 Avenue at 32 Street NE,2 vehicle incident.,12/07/2016 10:48:00 AM,12/07/2016 10:50:00 AM,NE,-113.9886585,51.08121344,"(51.0812134398118, -113.988658454555)",1
Eastbound Anderson Road approaching 14 Street SW,2 vehicle incident blocking the left lane.,12/07/2016 09:31:00 AM,12/07/2016 09:32:00 AM,SW,-114.0973444,50.9505907,"(50.9505907010468, -114.097344384191)",1
Shaganappi Trail at Edgemont Boulevard NW,Single vehicle incident.,12/15/2016 05:12:47 PM,12/15/2016 05:13:10 PM,NW,-114.134238087641,51.1271589687409,"(51.1271589687409, -114.134238087641)",1
Northbound Shaganappi Trail at University Avenue NW,2 vehicle incident.,12/15/2016 05:04:27 PM,12/15/2016 05:13:10 PM,NW,-114.151408788079,51.0767811204337,"(51.0767811204337, -114.151408788079)",1
Southbound Deerfoot Trail at Peigan Trail SE,2 vehicle incident.,12/15/2016 05:03:26 PM,12/15/2016 05:13:10 PM,SE,-114.005256240543,51.0150012899922,"(51.0150012899922, -114.005256240543)",1
12 Avenue at 8 Street SW,2 vehicle incident.,12/15/2016 05:02:01 PM,12/15/2016 05:13:10 PM,SW,-114.081523679249,51.0419400930705,"(51.0419400930705, -114.081523679249)",1
Nose Hill Drive at Stoney Trail NW,2 vehicle incident.,12/07/2016 10:12:00 AM,12/07/2016 10:14:00 AM,NW,-114.2261768,51.10693895,"(51.1069389517529, -114.226176821629)",1
Southbound Deerfoot Trail at 64 Avenue NE,Multi vehicle incident.,12/07/2016 08:25:00 AM,12/07/2016 08:50:00 AM,NE,-114.0492326,51.11065211,"(51.1106521140099, -114.049232563541)",1
Westbound Glenmore Trail approaching Crowchild Trail SW,2 vehicle incident blocking the right lane.,12/07/2016 09:21:00 AM,12/07/2016 09:32:00 AM,SW,-114.1210713,51.00099713,"(51.0009971347515, -114.121071289426)",1
Eastbound 5 Avenue at 1 Street SE,2 vehicle incident blocking the right lane.,12/06/2016 10:14:00 PM,12/06/2016 10:14:00 PM,SE,-114.060367,51.04831937,"(51.0483193746978, -114.06036704609)",1
Northbound Deerfoot Trail at Douglasdale Boulevard SE,Multi vehicle incident.,12/07/2016 07:17:00 AM,12/07/2016 07:18:00 AM,SE,-114.0053038,50.94674131,"(50.9467413147404, -114.005303753851)",1
26 Avenue and 52 Street NE,2 vehicle incident in the intersection.,12/06/2016 06:03:00 PM,12/06/2016 06:12:00 PM,NE,-113.9585037,51.07631642,"(51.0763164190347, -113.958503725915)",1
Northbound Centre Street approaching 56 Avenue NE,Multi vehicle incident.,12/06/2016 05:08:00 PM,12/06/2016 05:10:00 PM,NE,-114.0624402,51.10264898,"(51.102648984796, -114.062440186523)",1
Eastbound McKnight Boulevard at 2 Street NW,Multi vehicle incident.,12/06/2016 10:00:00 AM,12/06/2016 10:01:00 AM,NW,-114.0649874,51.09611149,"(51.0961114922013, -114.064987432792)",1
Blackfoot Trail at 42 Avenue SE,2 vehicle incident.,12/14/2016 03:13:58 PM,12/14/2016 03:15:24 PM,SE,-114.049120441881,51.0160014453029,"(51.0160014453029, -114.049120441881)",1
52 Street at Glenmore Trail SE,2 vehicle incident.,12/14/2016 03:48:30 PM,12/14/2016 03:50:22 PM,SE,-113.961937084303,50.9796424341637,"(50.9796424341637, -113.961937084303)",1
32 Avenue at Collegiate Boulevard NW,Multi vehicle incident.,12/14/2016 03:23:34 PM,12/14/2016 03:50:22 PM,NW,-114.137613073106,51.0815409516203,"(51.0815409516203, -114.137613073106)",1
Southbound Crowchild Trail approaching 24 Avenue NW,2 vehicle incident blocking the right lane.,12/14/2016 05:13:40 PM,12/14/2016 05:14:55 PM,NW,-114.119444842227,51.0744303064741,"(51.0744303064741, -114.119444842227)",1
James Mckevitt Road at Shawnessy Boulevard SW,2 vehicle incident.,12/14/2016 05:43:47 PM,12/14/2016 05:55:39 PM,SW,-114.100152329949,50.9139641533501,"(50.9139641533501, -114.100152329949)",1
Eastbound 130 Avenue past Deerfoot Trail SE,Multi vehicle incident blocking the left lane.,12/14/2016 05:28:47 PM,12/14/2016 05:55:39 PM,SE,-113.978889717279,50.931982522778,"(50.931982522778, -113.978889717279)",1
Eastbound 16 Avenue approaching Deerfoot Trail SE,2 vehicle incident.,12/14/2016 06:59:52 PM,12/14/2016 07:01:09 PM,SE,-114.028551292521,51.0673798693422,"(51.0673798693422, -114.028551292521)",1
Southbound Crowchild Trail at 17 Avenue SW,Single vehicle incident blocking the left lane.,12/15/2016 06:38:39 AM,12/15/2016 06:39:40 AM,SW,-114.112959987034,51.0382141189432,"(51.0382141189432, -114.112959987034)",1
Southbound 52 Street at Peigan Trail SE,2 vehicle incident blocking the right lane.,12/15/2016 07:28:19 AM,12/15/2016 07:29:23 AM,SE,-113.960347073149,51.0149575525001,"(51.0149575525001, -113.960347073149)",1
Westbound Glenmore Trail at 14 Street SW,2 vehicle incident blocking two right lanes.,12/15/2016 08:05:22 AM,12/15/2016 08:07:07 AM,SW,-114.101595818037,50.9963892678367,"(50.9963892678367, -114.101595818037)",1
Westbound Glenmore Trail at 14 Street SW,2 vehicle incident blocking the right lane.,12/15/2016 10:35:15 AM,12/15/2016 10:38:01 AM,SW,-114.101595818037,50.9963892678367,"(50.9963892678367, -114.101595818037)",1
58 Avenue at Blackfoot Trail SE,2 vehicle incident,12/15/2016 12:16:32 PM,12/15/2016 12:19:05 PM,SE,-114.049292436504,51.0014583208232,"(51.0014583208232, -114.049292436504)",1
Edmonton Trail at 15 Ave NE,2 vehicle incident,12/15/2016 12:35:41 PM,12/15/2016 12:36:42 PM,NE,-114.056204755458,51.0659893861571,"(51.0659893861571, -114.056204755458)",1
Saddletowne Circle at Saddleridge Drive NE,2 vehicle incident,12/15/2016 12:24:59 PM,12/15/2016 12:36:42 PM,NE,-113.94905491415,51.1260675898027,"(51.1260675898027, -113.94905491415)",1
16 Avenue at 19 Street NE,Light on flash,12/15/2016 02:09:08 PM,12/15/2016 02:10:55 PM,NE,-114.014024504463,51.0670372204216,"(51.0670372204216, -114.014024504463)",1
Northbound Sarcee Trail at Bow Trail SW,2 vehicle incident,12/15/2016 01:07:04 PM,12/15/2016 01:08:00 PM,SW,-114.165476911424,51.0533696615276,"(51.0533696615276, -114.165476911424)",1
Eastbound 32 Avenue at Deerfoot Trail NE,2 vehicle incident,12/15/2016 01:03:19 PM,12/15/2016 01:08:00 PM,NE,-114.038032334448,51.0866364874556,"(51.0866364874556, -114.038032334448)",1
Northbound Deerfoot Trail approaching Peigan Trail SE,Single vehicle incident.,12/15/2016 10:02:10 PM,12/15/2016 10:25:08 PM,SE,-114.005256240543,51.0150012899922,"(51.0150012899922, -114.005256240543)",1
Southbound 36 Street at 16 Avenue NE,2 vehicle incident blocking the right lane.,12/15/2016 04:41:40 PM,12/15/2016 04:42:47 PM,NE,-113.989218910462,51.0670855695326,"(51.0670855695326, -113.989218910462)",1
7 Avenue at 7 Street SW,Single vehicle incident.,12/15/2016 04:27:16 PM,12/15/2016 04:42:47 PM,SW,-114.078731427202,51.0469607068594,"(51.0469607068594, -114.078731427202)",1
Shawnessy Boulevard at Shawinigan Drive SW,2 vehicle incident.,12/15/2016 05:34:47 PM,12/15/2016 05:35:29 PM,SW,-114.089463886458,50.9137024146106,"(50.9137024146106, -114.089463886458)",1
Cityscape Gate at Country Hills Boulevard NE,2 vehicle incident.,12/15/2016 06:17:03 PM,12/15/2016 06:17:24 PM,NE,-113.958467188064,51.1539108011657,"(51.1539108011657, -113.958467188064)",1
Westbound Memorial Drive at 19 Street NW,2 vehicle incident.,12/15/2016 06:31:02 PM,12/15/2016 06:31:58 PM,NW,-114.106125423731,51.0491480905953,"(51.0491480905953, -114.106125423731)",1
Northbound Crowchild Trail north of Kensington Road NW,2 vehicle incident.,12/15/2016 07:11:25 PM,12/15/2016 07:12:33 PM,NW,-114.118501241,51.0524923336499,"(51.0524923336499, -114.118501241)",1
Eastbound 16 Avenue at 14 Street NW,2 vehicle incident.,12/15/2016 09:31:48 PM,12/15/2016 09:32:43 PM,NW,-114.096037227896,51.0670177605415,"(51.0670177605415, -114.096037227896)",1
Northbound Deerfoot Trail past 17 Avenue SE,Single vehicle incident.,12/15/2016 09:30:26 PM,12/15/2016 09:32:43 PM,SE,-114.008611991531,51.0370350874538,"(51.0370350874538, -114.008611991531)",1
Eastbound Glenmore Trail approaching Deerfoot Trail SE,Multi vehicle incident.,12/15/2016 10:44:58 PM,12/15/2016 10:46:11 PM,SW,-114.039173086151,50.9941565858237,"(50.9941565858237, -114.039173086151)",1
Memorial Drive at 12 Street NE,2 vehicle incident.,12/15/2016 11:15:35 PM,12/15/2016 11:22:31 PM,NE,-114.032366799079,51.0482459788727,"(51.0482459788727, -114.032366799079)",1
Northbound Deerfoot Trail north of Anderson Road SE,Single vehicle incident.,12/15/2016 11:21:05 PM,12/15/2016 11:22:30 PM,SE,-114.033912316884,50.9483419251775,"(50.9483419251775, -114.033912316884)",1
Eastbound Glenmore Trail approaching Blackfoot Trail SE,Multi vehicle incident.,12/15/2016 10:59:07 PM,12/15/2016 11:22:31 PM,SE,-114.056911752152,50.9939810922884,"(50.9939810922884, -114.056911752152)",1
Westbound Blackfoot Trail at 19 Street SE,Stalled vehicle in the left turn lane,12/16/2016 01:38:43 PM,12/16/2016 01:50:31 PM,SE,-114.017915085819,51.0374169048994,"(51.0374169048994, -114.017915085819)",1
Westbound 16 Avenue at 36 Street NE,2 vehicle incident blocking the right lane.,12/16/2016 06:04:02 AM,12/16/2016 06:16:54 AM,NE,-113.989218910462,51.0670855695326,"(51.0670855695326, -113.989218910462)",1
Eastbound Stoney Trail to northbound Deerfoot Trail SE,2 vehicle incident.,12/16/2016 06:13:35 AM,12/16/2016 06:16:54 AM,SE,-113.986616334736,50.8983208574228,"(50.8983208574228, -113.986616334736)",1
Eastbound Glenmore Trail west of Blackfoot Trail SE,2 vehicle incident blocking the left lane.,12/16/2016 06:34:32 AM,12/16/2016 06:39:22 AM,SE,-114.056911752152,50.9939810922884,"(50.9939810922884, -114.056911752152)",1
Eastbound Glenmore Trail at 14 Street SW,2 vehicle incident blocking the left lane.,12/16/2016 06:37:15 AM,12/16/2016 06:39:22 AM,SW,-114.101595818037,50.9963892678367,"(50.9963892678367, -114.101595818037)",1
Eastbound 40 Avenue to southbound Crowchild Trail NW,2 vehicle incident.,12/16/2016 07:22:28 AM,12/16/2016 07:23:17 AM,NW,-114.135713240739,51.0882403913025,"(51.0882403913025, -114.135713240739)",1
Westbound Glenmore Trail west of Blackfoot Trail SE,Multi vehicle incident.,12/16/2016 06:57:53 AM,12/16/2016 07:23:17 AM,SE,-114.056911752152,50.9939810922884,"(50.9939810922884, -114.056911752152)",1
Southbound Elbow Drive at Southland Drive SW,2 vehicle incident.,12/16/2016 08:10:13 AM,12/16/2016 08:24:06 AM,SW,-114.084886938991,50.9634471245518,"(50.9634471245518, -114.084886938991)",1
Westbound 16 Avenue approaching 36 Street NE,2 vehicle incident,12/16/2016 04:29:28 PM,12/16/2016 04:43:15 PM,NE,-113.989218910462,51.0670855695326,"(51.0670855695326, -113.989218910462)",1
Eastbound Glenmore Trail west of Macleod Trail SW,Single vehicle incident.,12/16/2016 08:30:56 AM,12/16/2016 08:41:11 AM,SW,-114.072037003149,50.9944276300291,"(50.9944276300291, -114.072037003149)",1
Westbound Mcknight Boulevard east of Barlow Trail NE,2 vehicle incident.,12/16/2016 08:38:21 AM,12/16/2016 08:41:11 AM,NE,-114.003921890327,51.0928962668731,"(51.0928962668731, -114.003921890327)",1
Eastbound Bow Trail west of Sarcee Trail SW,Multi vehicle incident.,12/16/2016 08:34:56 AM,12/16/2016 08:41:11 AM,SW,-114.165476911424,51.0533696615276,"(51.0533696615276, -114.165476911424)",1
Richmond Road at 30 Street SW,Single vehicle incident.,12/16/2016 09:23:51 AM,12/16/2016 09:24:37 AM,SW,-114.131239934762,51.0254768514178,"(51.0254768514178, -114.131239934762)",1
Centre Street at 40 Avenue NE,2 vehicle incident.,12/16/2016 09:06:55 AM,12/16/2016 09:24:37 AM,NE,-114.062433733103,51.0887404631769,"(51.0887404631769, -114.062433733103)",1
Northbound Deerfoot Trail at 130 Avenue SE,2 vehicle incident blocking the left lane.,12/16/2016 09:55:10 AM,12/16/2016 09:56:02 AM,SE,-113.978889575018,50.9319825227522,"(50.9319825227522, -113.978889575018)",1
Memorial Drive at 4 Street NW,2 vehicle incident,12/16/2016 03:18:15 PM,12/16/2016 03:19:16 PM,NW,-114.071513993077,51.0575662965773,"(51.0575662965773, -114.071513993077)",1
Eastbound 16 Avenue after 36 Street NE,Single vehicle incident,12/16/2016 03:10:35 PM,12/16/2016 03:19:16 PM,NE,-113.972862545581,51.0667840092888,"(51.0667840092888, -113.972862545581)",1
Northbound Blackfoot Trail at Alyth Road Se,Multi vehicle incident,12/16/2016 03:02:18 PM,12/16/2016 03:19:16 PM,SE,-114.025422265832,51.0340286257944,"(51.0340286257944, -114.025422265832)",1
Southbound Deerfoot Trail approaching Memorial Drive NE,2 vehicle incident,12/16/2016 02:59:19 PM,12/16/2016 03:19:16 PM,NE,-114.020024073277,51.055018096025,"(51.055018096025, -114.020024073277)",1
Eastbound 16 Avenue at Barlow Trail NE,Multi-vehicle incident blocking the left lane.,12/16/2016 10:06:20 AM,12/16/2016 10:20:52 AM,NE,-114.007756083027,51.0670118241574,"(51.0670118241574, -114.007756083027)",1
Eastbound Glenmore Trail approaching Blackfoot Trail SE,2 vehicle incident blocking the right lane.,12/16/2016 11:30:59 AM,12/16/2016 11:51:36 AM,SE,-114.056911752152,50.9939810922884,"(50.9939810922884, -114.056911752152)",1
68 Street at California Avenue NE,Single vehicle incident.,12/16/2016 11:49:58 AM,12/16/2016 11:51:36 AM,NE,-114.309770132637,51.1213958442229,"(51.1213958442229, -114.309770132637)",1
Northbound 34th Street at 32nd Avenue NE,2 vehicle incident,12/16/2016 04:04:59 PM,12/16/2016 04:06:03 PM,NE,-113.985509733171,51.0814315410939,"(51.0814315410939, -113.985509733171)",1
16 Avenue at 2 Street NW,"Signal lights are flashing red, crews have been dispatched.",12/16/2016 12:50:11 PM,12/16/2016 12:52:40 PM,NW,-114.067449602607,51.0670006234133,"(51.0670006234133, -114.067449602607)",1
Southbound Deerfoot Trail at 16 Avenue NE,2 vehicle incident moved to shoulder.,12/16/2016 12:48:54 PM,12/16/2016 12:52:40 PM,NE,-114.028551292521,51.0673798693422,"(51.0673798693422, -114.028551292521)",1
20 Street at 33 Avenue SW,Incident involving a pedestrian,12/16/2016 02:38:11 PM,12/16/2016 02:40:39 PM,SW,-114.10944594054,51.02398649652,"(51.02398649652, -114.10944594054)",1
Memorial Drive at Penbrooke Drive SE,2 vehicle incident,12/16/2016 03:38:02 PM,12/16/2016 03:48:43 PM,NE,-113.941838399408,51.0520679499487,"(51.0520679499487, -113.941838399408)",1
Southbound Deerfoot Trail after 17 Avenue SE,2 vehicle incident,12/16/2016 05:21:32 PM,12/16/2016 05:24:14 PM,SE,-114.008611991531,51.0370350874538,"(51.0370350874538, -114.008611991531)",1
4 Street at Meredith Road NE,2 vehicle incident.,12/16/2016 06:07:35 PM,12/16/2016 06:08:16 PM,NE,-114.051692781411,51.0519109727275,"(51.0519109727275, -114.051692781411)",1
Symons Valley Road at Kincora Glen Road NW,2 vehicle incident,12/16/2016 06:38:33 PM,12/16/2016 06:49:22 PM,NW,-114.130301981772,51.1655740113606,"(51.1655740113606, -114.130301981772)",1
Southbound Blackfoot Trail at 34 Avenue SE,Single vehicle incident,12/16/2016 06:26:59 PM,12/16/2016 06:49:22 PM,SE,-114.046189322117,51.0230817270066,"(51.0230817270066, -114.046189322117)",1
Old Banff Coach Road at 85 Street SW,Multi vehicle incident,12/16/2016 08:39:24 PM,12/16/2016 08:40:25 PM,SW,-114.211057468644,51.0667481961639,"(51.0667481961639, -114.211057468644)",1
Northbound Deerfoot Trail north of McKenzie Lake Boulevard SE,2 vehicle incident.,12/16/2016 11:08:19 PM,12/16/2016 11:10:01 PM,SE,-113.978565497529,50.9165191726756,"(50.9165191726756, -113.978565497529)",1
8 Avenue at 3 Street SW,Single vehicle incident.,12/17/2016 01:05:18 AM,12/17/2016 01:09:47 AM,SW,-114.055660660695,51.0453323555373,"(51.0453323555373, -114.055660660695)",1
Radcliffe Drive at 28 Street SE,Single vehicle incident.,12/17/2016 01:07:02 AM,12/17/2016 01:09:47 AM,SE,-113.993065571061,51.0451107712154,"(51.0451107712154, -113.993065571061)",1
7 Avenue at 5 Street SW,2 vehicle incident,12/17/2016 09:10:04 AM,12/17/2016 09:14:08 AM,SW,-114.073812620485,51.0468208900532,"(51.0468208900532, -114.073812620485)",1
Beddington Trail at Beddington Boulevard NE,2 vehicle incident,12/17/2016 09:13:10 AM,12/17/2016 09:14:08 AM,NE,-114.053788838389,51.127462941818,"(51.127462941818, -114.053788838389)",1
Eastbound Glenmore Trail exit to Macleod Trail SW,2 vehicle incident in the right lane,12/17/2016 10:21:19 AM,12/17/2016 10:22:26 AM,SW,-114.072037003149,50.9944276300291,"(50.9944276300291, -114.072037003149)",1
Eastbound Anderson Road at Macleod Trail SE,Single vehicle incident,12/17/2016 11:04:08 AM,12/17/2016 11:10:50 AM,SE,-114.068391220745,50.9506023435297,"(50.9506023435297, -114.068391220745)",1
Westbound Glenmore Trail at Sarcee Trail SW,Multi vehicle incident,12/17/2016 12:44:56 PM,12/17/2016 12:46:19 PM,SW,-114.163792129551,51.0094037411857,"(51.0094037411857, -114.163792129551)",1
Bonaventure Drive at 99 Avenue SE,2 vehicle incident,12/17/2016 01:25:02 PM,12/17/2016 01:26:00 PM,SE,-114.068837336869,50.9609728876935,"(50.9609728876935, -114.068837336869)",1
Memorial Drive at Barlow Trail SE,2 vehicle incident,12/17/2016 01:33:46 PM,12/17/2016 01:35:09 PM,SE,-114.000915271455,51.0459715603648,"(51.0459715603648, -114.000915271455)",1
Southbound Crowchild Trail onto eastbound Glenmore Trail SW,Single vehicle incident.,12/17/2016 02:05:00 PM,12/17/2016 02:06:36 PM,SW,-114.117462841315,50.9995650562708,"(50.9995650562708, -114.117462841315)",1
Northbound Deerfoot Trail at 130 Avenue SE,2 vehicle incident.,12/17/2016 02:34:34 PM,12/17/2016 02:35:43 PM,SE,-113.978889575018,50.9319825227522,"(50.9319825227522, -113.978889575018)",1
4 Avenue at 7 Street SW,2 vehicle incident.,12/17/2016 04:45:25 PM,12/17/2016 04:49:37 PM,SW,-114.078509868035,51.0497811137285,"(51.0497811137285, -114.078509868035)",1
Eastbound 16 Avenue at Sarcee Trail NW,Single vehicle incident.,12/17/2016 04:46:20 PM,12/17/2016 04:49:37 PM,NW,-114.189175949324,51.0814419188385,"(51.0814419188385, -114.189175949324)",1
Southbound Elbow Drive at Glenmore Trail SW,2 vehicle incident.,12/17/2016 05:26:06 PM,12/17/2016 05:38:03 PM,SW,-114.083916014515,50.9946277261426,"(50.9946277261426, -114.083916014515)",1
Southbound Macleod Trail at 94 Avenue SE,There is an incident involving a pedestrian.,12/17/2016 05:36:37 PM,12/17/2016 05:38:03 PM,SE,-114.071706940396,50.9686322285233,"(50.9686322285233, -114.071706940396)",1
Westbound Bow Trail at 33 Street SW,Multi vehicle incident.,12/17/2016 06:22:38 PM,12/17/2016 06:25:31 PM,SW,-114.135473870099,51.0415147782208,"(51.0415147782208, -114.135473870099)",1
61 Avenue at 3 Street SW,The traffic signals are flashing red. The crews have been dispatched.,12/17/2016 07:57:52 PM,12/17/2016 08:03:11 PM,SW,-114.069592062489,50.9976418901377,"(50.9976418901377, -114.069592062489)",1
Southbound Shawville Boulevard at Shawville Rise SE,2 vehicle incident.,12/18/2016 12:05:34 AM,12/18/2016 12:06:46 AM,SE,-114.067229573702,50.9057661781543,"(50.9057661781543, -114.067229573702)",1
Southbound Stoney Trail approaching 16 Avenue NE,2 vehicle incident.,12/18/2016 05:04:32 AM,12/18/2016 05:23:43 AM,NE,-113.929731671065,51.0670302472081,"(51.0670302472081, -113.929731671065)",1
162 Avenue at Everstone Drive SW,2 vehicle incident,12/18/2016 08:24:46 AM,12/18/2016 08:25:39 AM,SW,-114.105593099046,50.9068426504751,"(50.9068426504751, -114.105593099046)",1
Shawville Gate at 6 Street SW,2 vehicle incident,12/18/2016 11:17:22 AM,12/18/2016 11:18:30 AM,SW,-114.072403432592,50.8977141971467,"(50.8977141971467, -114.072403432592)",1
Westbound McKnight Boulevard exit to Metis Trail NE,Multi vehicle incident,12/18/2016 11:59:21 AM,12/18/2016 12:01:31 PM,NE,-113.989607026833,51.0955687653163,"(51.0955687653163, -113.989607026833)",1
Southland Drive at Horton Road SW,The traffic signals are flashing red. The crews have been dispatched.,12/18/2016 01:21:28 PM,12/18/2016 01:24:56 PM,SW,-114.074597834514,50.9650812233343,"(50.9650812233343, -114.074597834514)",1
Shaganappi Trail at 40 Avenue NW,2 vehicle incident.,12/18/2016 03:49:29 PM,12/18/2016 03:50:29 PM,NW,-114.154242576593,51.0883129751641,"(51.0883129751641, -114.154242576593)",1
Northbound Falconridge Boulevard at Castleridge Boulevard NE,There is an incident involving a pedestrian.,12/19/2016 02:06:02 PM,12/19/2016 02:24:57 PM,NE,-113.958270157097,51.0995939990425,"(51.0995939990425, -113.958270157097)",1
Southbound Macleod Trail at Midlake Boulevard SE,2 vehicle incident.,12/19/2016 01:25:10 PM,12/19/2016 02:24:57 PM,SE,-114.068853923162,50.9158374722595,"(50.9158374722595, -114.068853923162)",1
52 Street at Madigan Road NE,2 vehicle incident.,12/19/2016 02:22:58 PM,12/19/2016 02:24:57 PM,NE,-113.95850095135,51.0621869538691,"(51.0621869538691, -113.95850095135)",1
Westbound Memorial Drive at Deerfoot Trail SE,2 vehicle incident.,12/18/2016 08:22:50 PM,12/18/2016 08:23:48 PM,SE,-114.019434255636,51.0488598764172,"(51.0488598764172, -114.019434255636)",1
Southbound Sarcee Trail at Crowchild Trail NW,2 vehicle incident.,12/19/2016 09:53:51 AM,12/19/2016 09:54:49 AM,NW,-114.180187767589,51.1120374189027,"(51.1120374189027, -114.180187767589)",1
Eastbound 17 Avenue at 47 Street SE,Single vehicle incident blocking the right lane.,12/19/2016 07:48:02 PM,12/19/2016 07:50:16 PM,SE,-113.96575605417,51.0378293065741,"(51.0378293065741, -113.96575605417)",1
Southbound Blackfoot Trail at Southland Drive SE,Single vehicle incident in the left turn lane.,12/19/2016 12:38:56 PM,12/19/2016 12:44:10 PM,SE,-114.039339977983,50.9656039185511,"(50.9656039185511, -114.039339977983)",1
Southbound Deerfoot Trail approaching Glenmore Trail SE,2 vehicle incident blocking the right lane.,12/19/2016 03:14:04 PM,12/19/2016 03:21:27 PM,SE,-114.033759167549,50.9980004299164,"(50.9980004299164, -114.033759167549)",1
Stoney Trail and Macleod Trail SE,Single vehicle incident on the ramp from eastbound Stoney Trail to southbound Macleod Trail.,12/19/2016 03:18:30 PM,12/19/2016 03:21:27 PM,SE,-114.054368856118,50.8907571238176,"(50.8907571238176, -114.054368856118)",1
Westbound 16 Avenue at 14 Street NW,2 vehicle incident blocking the left lane.,12/19/2016 03:51:33 PM,12/19/2016 03:53:08 PM,NW,-114.096037227896,51.0670177605415,"(51.0670177605415, -114.096037227896)",1
Northbound Macleod Trail at Lake Fraser Drive SE,2 vehicle incident blocking the right lane.,12/19/2016 03:27:59 PM,12/19/2016 03:53:08 PM,SE,-114.070362048172,50.9478732830099,"(50.9478732830099, -114.070362048172)",1
Brisebois Drive and Brentwood Road NW,The traffic lights are flashing red. Crews have been dispatched.,12/19/2016 04:03:16 PM,12/19/2016 04:18:31 PM,NW,-114.133663938031,51.0895833815508,"(51.0895833815508, -114.133663938031)",1
Eastbound Anderson Road at Elbow Drive SW,Multi-vehicle incident in the right lane.,12/19/2016 05:43:23 PM,12/19/2016 05:45:26 PM,SW,-114.086752591541,50.9503306107085,"(50.9503306107085, -114.086752591541)",1
Falshire Drive and 68 Street NE,2 vehicle incident in the intersection.,12/19/2016 05:42:07 PM,12/19/2016 05:45:26 PM,NE,-113.935135069757,51.1079392370061,"(51.1079392370061, -113.935135069757)",1
Old Banff Coach Road and 77 Street SW,Incident involving a pedestrian.,12/19/2016 06:28:08 PM,12/19/2016 06:36:55 PM,SW,-114.19944184899,51.0669589029871,"(51.0669589029871, -114.19944184899)",1
Southbound 14 Street past Beacham Road NW,Multi-vehicle incident.,12/19/2016 06:33:38 PM,12/19/2016 06:36:55 PM,NW,-114.093310826082,51.1224729448873,"(51.1224729448873, -114.093310826082)",1
Shawville Boulevard at Shawnessy Boulevard SE,2 vehicle incident.,12/20/2016 07:16:07 AM,12/20/2016 07:17:23 AM,SE,-114.069753115133,50.9129737338205,"(50.9129737338205, -114.069753115133)",1
Northbound Deerfoot Trail at 24 Street SE,2 vehicle incident.,12/20/2016 08:18:08 AM,12/20/2016 08:19:08 AM,NW,-114.011069831956,50.9508144056894,"(50.9508144056894, -114.011069831956)",1
Northbound Deerfoot Trail at Memorial Drive N,Single vehicle incident.,12/20/2016 08:31:49 AM,12/20/2016 08:47:52 AM,NW,-114.01841154799,51.0514102471159,"(51.0514102471159, -114.01841154799)",1
Centre Street at 30 Avenue NE,2 vehicle incident.,12/20/2016 10:51:24 AM,12/20/2016 10:52:09 AM,NE,-114.062532071236,51.0796282082302,"(51.0796282082302, -114.062532071236)",1
